"id","start","end","room","subject","home"
"10452806","2021-02-23 01:02:53.21+00","2021-02-23 01:05:32.932+00", "","hygiene_short","openhabianpi03-60962692-0d0d-41a3-a62b-1eddccd2a088"
"10452807","2021-02-23 01:05:32.932+00","2021-02-23 09:33:26.239+00", "","rest","openhabianpi03-60962692-0d0d-41a3-a62b-1eddccd2a088"
"10452808","2021-02-23 09:33:26.239+00","2021-02-23 09:39:19.701+00", "","hygiene_short","openhabianpi03-60962692-0d0d-41a3-a62b-1eddccd2a088"
"10452809","2021-02-23 09:39:19.701+00","2021-02-23 11:35:54.664+00", "","rest","openhabianpi03-60962692-0d0d-41a3-a62b-1eddccd2a088"
"10452810","2021-02-23 11:35:54.664+00","2021-02-23 11:41:13.892+00", "","hygiene_short","openhabianpi03-60962692-0d0d-41a3-a62b-1eddccd2a088"
"10452811","2021-02-23 11:54:07.883+00","2021-02-23 13:03:49.628+00", "","meal","openhabianpi03-60962692-0d0d-41a3-a62b-1eddccd2a088"
"10452812","2021-02-23 13:09:02.908+00","2021-02-23 14:30:51.256+00", "","inactivity","openhabianpi03-60962692-0d0d-41a3-a62b-1eddccd2a088"
"10452813","2021-02-23 14:51:58.858+00","2021-02-23 15:28:28.261+00", "","inactivity","openhabianpi03-60962692-0d0d-41a3-a62b-1eddccd2a088"
"10452814","2021-02-23 16:03:13.677+00","2021-02-23 16:33:14.293+00", "","inactivity","openhabianpi03-60962692-0d0d-41a3-a62b-1eddccd2a088"
"10452815","2021-02-23 16:33:14.293+00","2021-02-23 16:48:32.614+00", "","meal","openhabianpi03-60962692-0d0d-41a3-a62b-1eddccd2a088"
"10452816","2021-02-23 17:28:07.459+00","2021-02-23 17:40:28.414+00", "","meal","openhabianpi03-60962692-0d0d-41a3-a62b-1eddccd2a088"
"10452817","2021-02-23 17:44:35.965+00","2021-02-23 18:39:35.773+00", "","inactivity","openhabianpi03-60962692-0d0d-41a3-a62b-1eddccd2a088"
"10452818","2021-02-23 18:39:59.118+00","2021-02-23 18:44:02.22+00", "","hygiene_short","openhabianpi03-60962692-0d0d-41a3-a62b-1eddccd2a088"
"10452819","2021-02-23 18:55:55.155+00","2021-02-23 19:53:13.291+00", "","inactivity","openhabianpi03-60962692-0d0d-41a3-a62b-1eddccd2a088"
"10452820","2021-02-23 19:53:30.734+00","2021-02-23 21:13:27.313+00", "exterior","outing","openhabianpi03-60962692-0d0d-41a3-a62b-1eddccd2a088"
"10452821","2021-02-23 21:44:20.628+00","2021-02-23 22:12:46.261+00", "","meal","openhabianpi03-60962692-0d0d-41a3-a62b-1eddccd2a088"
"10452822","2021-02-23 22:25:35.676+00","2021-02-24 00:22:18.708+00", "","meal","openhabianpi03-60962692-0d0d-41a3-a62b-1eddccd2a088"
"10452823","2021-02-24 00:24:36.254+00","2021-02-24 01:13:49.056+00", "","inactivity","openhabianpi03-60962692-0d0d-41a3-a62b-1eddccd2a088"
"10452824","2021-02-24 01:15:41.358+00","2021-02-24 01:19:27.325+00", "","hygiene_short","openhabianpi03-60962692-0d0d-41a3-a62b-1eddccd2a088"
"10452825","2021-02-24 01:42:06.678+00","2021-02-24 11:16:26.226+00", "","rest","openhabianpi03-60962692-0d0d-41a3-a62b-1eddccd2a088"
"10452826","2021-02-24 11:22:49.897+00","2021-02-24 14:22:14.907+00", "","meal","openhabianpi03-60962692-0d0d-41a3-a62b-1eddccd2a088"
"10452827","2021-02-24 14:34:01.711+00","2021-02-24 14:57:38.549+00", "","meal","openhabianpi03-60962692-0d0d-41a3-a62b-1eddccd2a088"
"10452828","2021-02-24 15:05:57.565+00","2021-02-24 19:04:27.524+00", "","meal","openhabianpi03-60962692-0d0d-41a3-a62b-1eddccd2a088"
"10452829","2021-02-24 19:05:09.126+00","2021-02-24 19:10:57.991+00", "","hygiene_short","openhabianpi03-60962692-0d0d-41a3-a62b-1eddccd2a088"
"10452830","2021-02-24 19:12:57.28+00","2021-02-24 19:54:44.718+00", "exterior","outing","openhabianpi03-60962692-0d0d-41a3-a62b-1eddccd2a088"
"10452831","2021-02-24 19:54:44.718+00","2021-02-24 21:19:02.238+00", "exterior","outing","openhabianpi03-60962692-0d0d-41a3-a62b-1eddccd2a088"
"10452832","2021-02-24 21:34:33.966+00","2021-02-24 23:25:15.91+00", "","meal","openhabianpi03-60962692-0d0d-41a3-a62b-1eddccd2a088"
"10452833","2021-02-24 23:25:24.392+00","2021-02-25 00:21:20.372+00", "","inactivity","openhabianpi03-60962692-0d0d-41a3-a62b-1eddccd2a088"
"10452834","2021-02-25 00:36:41.209+00","2021-02-25 01:39:03.171+00", "","rest","openhabianpi03-60962692-0d0d-41a3-a62b-1eddccd2a088"
"10452835","2021-02-25 01:39:50.769+00","2021-02-25 02:00:19.831+00", "","hygiene_long","openhabianpi03-60962692-0d0d-41a3-a62b-1eddccd2a088"
"10452836","2021-02-25 02:00:30.063+00","2021-02-25 12:26:46.064+00", "","rest","openhabianpi03-60962692-0d0d-41a3-a62b-1eddccd2a088"
"10452837","2021-02-25 12:33:01.22+00","2021-02-25 12:56:55.677+00", "","meal","openhabianpi03-60962692-0d0d-41a3-a62b-1eddccd2a088"
"10452838","2021-02-25 13:07:03.293+00","2021-02-25 14:40:32.288+00", "","meal","openhabianpi03-60962692-0d0d-41a3-a62b-1eddccd2a088"
"10452839","2021-02-25 14:47:09.394+00","2021-02-25 17:31:09.352+00", "exterior","outing","openhabianpi03-60962692-0d0d-41a3-a62b-1eddccd2a088"
"10452840","2021-02-25 17:50:02.236+00","2021-02-25 19:53:50.364+00", "exterior","outing","openhabianpi03-60962692-0d0d-41a3-a62b-1eddccd2a088"
"10452841","2021-02-25 19:46:53.431+00","2021-02-25 20:52:26.204+00", "exterior","outing","openhabianpi03-60962692-0d0d-41a3-a62b-1eddccd2a088"
"10452842","2021-02-25 20:55:23.393+00","2021-02-25 20:57:42.999+00", "","hygiene_short","openhabianpi03-60962692-0d0d-41a3-a62b-1eddccd2a088"
"10452843","2021-02-25 21:11:07.757+00","2021-02-25 21:58:28.448+00", "","meal","openhabianpi03-60962692-0d0d-41a3-a62b-1eddccd2a088"
"10452844","2021-02-25 22:19:03.402+00","2021-02-25 22:25:17.679+00", "","meal","openhabianpi03-60962692-0d0d-41a3-a62b-1eddccd2a088"
"10452845","2021-02-25 22:25:18.679+00","2021-02-26 00:30:40.995+00", "","inactivity","openhabianpi03-60962692-0d0d-41a3-a62b-1eddccd2a088"
"10452846","2021-02-26 00:32:17.219+00","2021-02-26 00:34:33.618+00", "","hygiene_short","openhabianpi03-60962692-0d0d-41a3-a62b-1eddccd2a088"
"10452847","2021-02-26 00:45:44.543+00","2021-02-26 09:52:22.096+00", "","rest","openhabianpi03-60962692-0d0d-41a3-a62b-1eddccd2a088"
"10452848","2021-02-26 09:53:44.737+00","2021-02-26 11:05:11.954+00", "","rest","openhabianpi03-60962692-0d0d-41a3-a62b-1eddccd2a088"
"10452849","2021-02-26 11:07:39.44+00","2021-02-26 11:30:39.687+00", "","meal","openhabianpi03-60962692-0d0d-41a3-a62b-1eddccd2a088"
"10452850","2021-02-26 11:38:35.394+00","2021-02-26 11:47:53.646+00", "","meal","openhabianpi03-60962692-0d0d-41a3-a62b-1eddccd2a088"
"10452851","2021-02-26 11:47:54.646+00","2021-02-26 12:35:19.874+00", "","inactivity","openhabianpi03-60962692-0d0d-41a3-a62b-1eddccd2a088"
"10452852","2021-02-26 12:35:19.874+00","2021-02-26 13:16:02.266+00", "","rest","openhabianpi03-60962692-0d0d-41a3-a62b-1eddccd2a088"
"10452853","2021-02-26 13:37:03.595+00","2021-02-26 14:20:50.284+00", "exterior","outing","openhabianpi03-60962692-0d0d-41a3-a62b-1eddccd2a088"
"10452854","2021-02-26 14:20:50.284+00","2021-02-26 14:36:17.429+00", "exterior","outing","openhabianpi03-60962692-0d0d-41a3-a62b-1eddccd2a088"
"10452855","2021-02-26 14:36:17.429+00","2021-02-26 15:09:01.06+00", "","inactivity","openhabianpi03-60962692-0d0d-41a3-a62b-1eddccd2a088"
"10452856","2021-02-26 15:16:00.198+00","2021-02-26 16:30:43.531+00", "","meal","openhabianpi03-60962692-0d0d-41a3-a62b-1eddccd2a088"
"10452857","2021-02-26 18:05:30.423+00","2021-02-26 19:32:10.565+00", "","inactivity","openhabianpi03-60962692-0d0d-41a3-a62b-1eddccd2a088"
"10452858","2021-02-26 19:32:32.056+00","2021-02-26 20:08:35.478+00", "exterior","outing","openhabianpi03-60962692-0d0d-41a3-a62b-1eddccd2a088"
"10452859","2021-02-26 20:08:35.478+00","2021-02-26 21:14:55.156+00", "exterior","outing","openhabianpi03-60962692-0d0d-41a3-a62b-1eddccd2a088"
"10452860","2021-02-26 21:17:42.708+00","2021-02-26 21:44:15.28+00", "","hygiene_long","openhabianpi03-60962692-0d0d-41a3-a62b-1eddccd2a088"
"10452861","2021-02-26 21:55:53.388+00","2021-02-26 22:17:46.99+00", "","meal","openhabianpi03-60962692-0d0d-41a3-a62b-1eddccd2a088"
"10452862","2021-02-26 22:35:37.63+00","2021-02-26 23:20:26.099+00", "","meal","openhabianpi03-60962692-0d0d-41a3-a62b-1eddccd2a088"
"10452863","2021-02-26 23:20:27.099+00","2021-02-27 00:35:44.735+00", "","inactivity","openhabianpi03-60962692-0d0d-41a3-a62b-1eddccd2a088"
"10452864","2021-02-27 00:38:34.684+00","2021-02-27 00:42:09.454+00", "","hygiene_short","openhabianpi03-60962692-0d0d-41a3-a62b-1eddccd2a088"
"10452865","2021-02-27 00:42:09.454+00","2021-02-27 10:51:05.56+00", "","rest","openhabianpi03-60962692-0d0d-41a3-a62b-1eddccd2a088"
"10452866","2021-02-27 10:51:05.56+00","2021-02-27 11:00:35.286+00", "","hygiene_long","openhabianpi03-60962692-0d0d-41a3-a62b-1eddccd2a088"
"10452867","2021-02-27 11:29:00.872+00","2021-02-27 11:58:27.146+00", "","meal","openhabianpi03-60962692-0d0d-41a3-a62b-1eddccd2a088"
"10452868","2021-02-27 11:58:28.146+00","2021-02-27 13:35:15.609+00", "","inactivity","openhabianpi03-60962692-0d0d-41a3-a62b-1eddccd2a088"
"10452869","2021-02-27 13:54:40.899+00","2021-02-27 15:35:24.7+00", "","inactivity","openhabianpi03-60962692-0d0d-41a3-a62b-1eddccd2a088"
"10452870","2021-02-27 15:35:40.871+00","2021-02-27 16:53:06.888+00", "exterior","outing","openhabianpi03-60962692-0d0d-41a3-a62b-1eddccd2a088"
"10452871","2021-02-27 16:56:07.129+00","2021-02-27 17:15:16.137+00", "","meal","openhabianpi03-60962692-0d0d-41a3-a62b-1eddccd2a088"
"10452872","2021-02-27 17:30:15.478+00","2021-02-27 17:47:52.117+00", "","meal","openhabianpi03-60962692-0d0d-41a3-a62b-1eddccd2a088"
"10452873","2021-02-27 17:53:04.633+00","2021-02-27 19:16:34.374+00", "","inactivity","openhabianpi03-60962692-0d0d-41a3-a62b-1eddccd2a088"
"10452874","2021-02-27 19:36:10.643+00","2021-02-27 20:49:53.674+00", "exterior","outing","openhabianpi03-60962692-0d0d-41a3-a62b-1eddccd2a088"
"10452875","2021-02-27 21:08:23.151+00","2021-02-28 01:01:52.96+00", "","meal","openhabianpi03-60962692-0d0d-41a3-a62b-1eddccd2a088"
"10452876","2021-02-28 01:02:47.992+00","2021-02-28 01:06:17.436+00", "","hygiene_short","openhabianpi03-60962692-0d0d-41a3-a62b-1eddccd2a088"
"10452877","2021-02-28 01:06:17.436+00","2021-02-28 11:09:33.589+00", "","rest","openhabianpi03-60962692-0d0d-41a3-a62b-1eddccd2a088"
"10452878","2021-02-28 11:09:33.589+00","2021-02-28 11:15:50.43+00", "","hygiene_short","openhabianpi03-60962692-0d0d-41a3-a62b-1eddccd2a088"
"10452879","2021-02-28 11:38:54.654+00","2021-02-28 13:24:37.592+00", "","meal","openhabianpi03-60962692-0d0d-41a3-a62b-1eddccd2a088"
"10452880","2021-02-28 13:41:17.243+00","2021-02-28 14:11:01.858+00", "","meal","openhabianpi03-60962692-0d0d-41a3-a62b-1eddccd2a088"
"10452881","2021-02-28 14:11:02.858+00","2021-02-28 16:43:50.706+00", "","inactivity","openhabianpi03-60962692-0d0d-41a3-a62b-1eddccd2a088"
"10452882","2021-02-28 16:44:44.763+00","2021-02-28 17:07:51.885+00", "","meal","openhabianpi03-60962692-0d0d-41a3-a62b-1eddccd2a088"
"10452883","2021-02-28 17:20:41.182+00","2021-02-28 18:56:03.779+00", "","meal","openhabianpi03-60962692-0d0d-41a3-a62b-1eddccd2a088"
"10452884","2021-02-28 19:13:02.493+00","2021-02-28 19:32:39.407+00", "exterior","outing","openhabianpi03-60962692-0d0d-41a3-a62b-1eddccd2a088"
"10452885","2021-02-28 19:43:13.732+00","2021-02-28 19:54:10.476+00", "","meal","openhabianpi03-60962692-0d0d-41a3-a62b-1eddccd2a088"
"10452886","2021-02-28 19:55:11.257+00","2021-02-28 20:49:05.626+00", "exterior","outing","openhabianpi03-60962692-0d0d-41a3-a62b-1eddccd2a088"
"10452887","2021-02-28 20:51:02.923+00","2021-02-28 21:41:35.378+00", "","inactivity","openhabianpi03-60962692-0d0d-41a3-a62b-1eddccd2a088"
"10452888","2021-02-28 21:51:32.071+00","2021-02-28 23:22:07.83+00", "","meal","openhabianpi03-60962692-0d0d-41a3-a62b-1eddccd2a088"
"10452889","2021-02-28 23:28:53.025+00","2021-03-01 00:00:35.589+00", "","inactivity","openhabianpi03-60962692-0d0d-41a3-a62b-1eddccd2a088"
"10452890","2021-03-01 00:00:36.589+00","2021-03-01 00:27:24.508+00", "","inactivity","openhabianpi03-60962692-0d0d-41a3-a62b-1eddccd2a088"
"10452891","2021-03-01 00:28:33.357+00","2021-03-01 00:55:29.468+00", "","inactivity","openhabianpi03-60962692-0d0d-41a3-a62b-1eddccd2a088"
"10452892","2021-03-01 00:56:46.545+00","2021-03-01 01:02:22.911+00", "","hygiene_short","openhabianpi03-60962692-0d0d-41a3-a62b-1eddccd2a088"
"10452893","2021-03-01 01:02:23.911+00","2021-03-01 01:30:58.453+00", "","inactivity","openhabianpi03-60962692-0d0d-41a3-a62b-1eddccd2a088"
"10452894","2021-03-01 01:31:13.229+00","2021-03-01 11:53:04.313+00", "","rest","openhabianpi03-60962692-0d0d-41a3-a62b-1eddccd2a088"
"10452895","2021-03-01 12:02:46.91+00","2021-03-01 12:35:26.594+00", "","meal","openhabianpi03-60962692-0d0d-41a3-a62b-1eddccd2a088"
"10452896","2021-03-01 12:52:15.654+00","2021-03-01 14:25:16.73+00", "","inactivity","openhabianpi03-60962692-0d0d-41a3-a62b-1eddccd2a088"
"10452897","2021-03-01 14:25:16.73+00","2021-03-01 15:01:44.605+00", "","rest","openhabianpi03-60962692-0d0d-41a3-a62b-1eddccd2a088"
"10452898","2021-03-01 15:07:01.325+00","2021-03-01 16:00:30.209+00", "","inactivity","openhabianpi03-60962692-0d0d-41a3-a62b-1eddccd2a088"
"10452899","2021-03-01 16:01:39.72+00","2021-03-01 16:51:48.708+00", "","inactivity","openhabianpi03-60962692-0d0d-41a3-a62b-1eddccd2a088"
"10452900","2021-03-01 17:37:07.069+00","2021-03-01 20:03:46.167+00", "","meal","openhabianpi03-60962692-0d0d-41a3-a62b-1eddccd2a088"
"10452901","2021-03-01 20:16:21.832+00","2021-03-01 20:53:43.5+00", "exterior","outing","openhabianpi03-60962692-0d0d-41a3-a62b-1eddccd2a088"
"10452902","2021-03-01 20:56:38.821+00","2021-03-01 21:10:16.784+00", "","hygiene_long","openhabianpi03-60962692-0d0d-41a3-a62b-1eddccd2a088"
"10452903","2021-03-01 21:10:16.784+00","2021-03-01 21:48:44.943+00", "","rest","openhabianpi03-60962692-0d0d-41a3-a62b-1eddccd2a088"
"10452904","2021-03-01 21:49:28.76+00","2021-03-02 00:42:40.196+00", "","meal","openhabianpi03-60962692-0d0d-41a3-a62b-1eddccd2a088"
"10452905","2021-03-02 00:45:50.682+00","2021-03-02 10:43:29.824+00", "","rest","openhabianpi03-60962692-0d0d-41a3-a62b-1eddccd2a088"
"10452906","2021-03-02 10:44:02.68+00","2021-03-02 12:03:48.244+00", "","meal","openhabianpi03-60962692-0d0d-41a3-a62b-1eddccd2a088"
"10452907","2021-03-02 12:41:51.066+00","2021-03-02 14:30:27.078+00", "","inactivity","openhabianpi03-60962692-0d0d-41a3-a62b-1eddccd2a088"
"10452908","2021-03-02 14:34:11.884+00","2021-03-02 15:25:10.076+00", "exterior","outing","openhabianpi03-60962692-0d0d-41a3-a62b-1eddccd2a088"
"10452909","2021-03-02 15:25:10.076+00","2021-03-02 15:52:54.769+00", "exterior","outing","openhabianpi03-60962692-0d0d-41a3-a62b-1eddccd2a088"
"10452910","2021-03-02 15:52:54.769+00","2021-03-02 16:39:46.256+00", "exterior","outing","openhabianpi03-60962692-0d0d-41a3-a62b-1eddccd2a088"
"10452911","2021-03-02 16:41:12.235+00","2021-03-02 17:40:38.667+00", "","meal","openhabianpi03-60962692-0d0d-41a3-a62b-1eddccd2a088"
"10452912","2021-03-02 18:04:02.471+00","2021-03-02 18:32:10.369+00", "","inactivity","openhabianpi03-60962692-0d0d-41a3-a62b-1eddccd2a088"
"10452913","2021-03-02 18:32:12.835+00","2021-03-02 19:20:07.581+00", "exterior","outing","openhabianpi03-60962692-0d0d-41a3-a62b-1eddccd2a088"
"10452914","2021-03-02 19:11:18.832+00","2021-03-02 19:16:04.562+00", "","hygiene_short","openhabianpi03-60962692-0d0d-41a3-a62b-1eddccd2a088"
"10452915","2021-03-02 19:20:07.581+00","2021-03-02 19:55:49.126+00", "exterior","outing","openhabianpi03-60962692-0d0d-41a3-a62b-1eddccd2a088"
"10452916","2021-03-02 19:55:49.126+00","2021-03-02 21:15:24.744+00", "exterior","outing","openhabianpi03-60962692-0d0d-41a3-a62b-1eddccd2a088"
"10452917","2021-03-02 21:06:24.918+00","2021-03-02 21:22:15.449+00", "exterior","outing","openhabianpi03-60962692-0d0d-41a3-a62b-1eddccd2a088"
"10452918","2021-03-02 21:08:18.294+00","2021-03-02 21:15:10.112+00", "","meal","openhabianpi03-60962692-0d0d-41a3-a62b-1eddccd2a088"
"10452919","2021-03-02 21:56:37.368+00","2021-03-02 23:11:56.315+00", "","meal","openhabianpi03-60962692-0d0d-41a3-a62b-1eddccd2a088"
"10452920","2021-03-02 23:15:26.275+00","2021-03-03 00:13:08.056+00", "","inactivity","openhabianpi03-60962692-0d0d-41a3-a62b-1eddccd2a088"
"10452921","2021-03-03 00:13:09.056+00","2021-03-03 01:39:07.553+00", "","inactivity","openhabianpi03-60962692-0d0d-41a3-a62b-1eddccd2a088"
"10452922","2021-03-03 01:44:38.835+00","2021-03-03 11:17:07.233+00", "","rest","openhabianpi03-60962692-0d0d-41a3-a62b-1eddccd2a088"
"10452923","2021-03-03 11:22:43.753+00","2021-03-03 13:27:09.073+00", "","meal","openhabianpi03-60962692-0d0d-41a3-a62b-1eddccd2a088"
"10452924","2021-03-03 13:34:36.757+00","2021-03-03 14:41:45.656+00", "","inactivity","openhabianpi03-60962692-0d0d-41a3-a62b-1eddccd2a088"
"10452925","2021-03-03 14:58:29.771+00","2021-03-03 17:01:33.5+00", "","meal","openhabianpi03-60962692-0d0d-41a3-a62b-1eddccd2a088"
"10452926","2021-03-03 17:10:11.38+00","2021-03-03 18:15:23.209+00", "","meal","openhabianpi03-60962692-0d0d-41a3-a62b-1eddccd2a088"
"10452927","2021-03-03 18:10:00.851+00","2021-03-03 18:22:43.041+00", "exterior","outing","openhabianpi03-60962692-0d0d-41a3-a62b-1eddccd2a088"
"10452928","2021-03-03 18:22:43.041+00","2021-03-03 19:26:43.434+00", "","inactivity","openhabianpi03-60962692-0d0d-41a3-a62b-1eddccd2a088"
"10452929","2021-03-03 19:27:16.181+00","2021-03-03 19:35:59.954+00", "","hygiene_long","openhabianpi03-60962692-0d0d-41a3-a62b-1eddccd2a088"
"10452930","2021-03-03 19:51:15.599+00","2021-03-03 21:07:29.444+00", "exterior","outing","openhabianpi03-60962692-0d0d-41a3-a62b-1eddccd2a088"
"10452931","2021-03-03 20:58:18.668+00","2021-03-03 21:17:43.2+00", "exterior","outing","openhabianpi03-60962692-0d0d-41a3-a62b-1eddccd2a088"
"10452932","2021-03-03 21:17:43.2+00","2021-03-03 21:44:47.222+00", "exterior","outing","openhabianpi03-60962692-0d0d-41a3-a62b-1eddccd2a088"
"10452933","2021-03-03 21:47:34.618+00","2021-03-03 21:55:36.121+00", "","meal","openhabianpi03-60962692-0d0d-41a3-a62b-1eddccd2a088"
"10452934","2021-03-03 22:25:43.136+00","2021-03-03 22:31:58.61+00", "","meal","openhabianpi03-60962692-0d0d-41a3-a62b-1eddccd2a088"
"10452935","2021-03-03 22:50:02.139+00","2021-03-03 23:04:15.842+00", "","meal","openhabianpi03-60962692-0d0d-41a3-a62b-1eddccd2a088"
"10452936","2021-03-03 23:38:52.617+00","2021-03-04 00:31:35.475+00", "","inactivity","openhabianpi03-60962692-0d0d-41a3-a62b-1eddccd2a088"
"10452937","2021-03-04 00:33:09.236+00","2021-03-04 01:05:31.439+00", "","inactivity","openhabianpi03-60962692-0d0d-41a3-a62b-1eddccd2a088"
"10452938","2021-03-04 01:08:08.179+00","2021-03-04 01:11:16.22+00", "","hygiene_short","openhabianpi03-60962692-0d0d-41a3-a62b-1eddccd2a088"
"10452939","2021-03-04 01:11:16.22+00","2021-03-04 11:56:09.743+00", "","rest","openhabianpi03-60962692-0d0d-41a3-a62b-1eddccd2a088"
"10452940","2021-03-04 12:00:36.567+00","2021-03-04 13:03:21.723+00", "","meal","openhabianpi03-60962692-0d0d-41a3-a62b-1eddccd2a088"
"10452941","2021-03-04 13:13:31.259+00","2021-03-04 14:52:46.607+00", "","rest","openhabianpi03-60962692-0d0d-41a3-a62b-1eddccd2a088"
"10452942","2021-03-04 14:53:00.407+00","2021-03-04 19:21:14.278+00", "exterior","outing","openhabianpi03-60962692-0d0d-41a3-a62b-1eddccd2a088"
"10452943","2021-03-04 19:22:44.821+00","2021-03-04 19:28:05.318+00", "","hygiene_short","openhabianpi03-60962692-0d0d-41a3-a62b-1eddccd2a088"
"10452944","2021-03-04 19:38:54.742+00","2021-03-04 20:26:19.339+00", "","inactivity","openhabianpi03-60962692-0d0d-41a3-a62b-1eddccd2a088"
"10452945","2021-03-04 20:35:22.687+00","2021-03-04 21:35:01.827+00", "","inactivity","openhabianpi03-60962692-0d0d-41a3-a62b-1eddccd2a088"
"10452946","2021-03-04 21:55:25.491+00","2021-03-04 22:05:53.522+00", "","meal","openhabianpi03-60962692-0d0d-41a3-a62b-1eddccd2a088"
"10452947","2021-03-04 22:24:42.983+00","2021-03-05 01:21:39.688+00", "","meal","openhabianpi03-60962692-0d0d-41a3-a62b-1eddccd2a088"
"10452948","2021-03-05 01:23:40.913+00","2021-03-05 01:27:54.494+00", "","hygiene_short","openhabianpi03-60962692-0d0d-41a3-a62b-1eddccd2a088"
"10452949","2021-03-05 01:27:54.494+00","2021-03-05 11:00:31.487+00", "","rest","openhabianpi03-60962692-0d0d-41a3-a62b-1eddccd2a088"
"10452950","2021-03-05 11:00:31.487+00","2021-03-05 11:04:00.669+00", "","hygiene_short","openhabianpi03-60962692-0d0d-41a3-a62b-1eddccd2a088"
"10452951","2021-03-05 11:27:58.334+00","2021-03-05 13:32:44.575+00", "","meal","openhabianpi03-60962692-0d0d-41a3-a62b-1eddccd2a088"
"10452952","2021-03-05 14:16:11.506+00","2021-03-05 14:18:20.673+00", "","hygiene_short","openhabianpi03-60962692-0d0d-41a3-a62b-1eddccd2a088"
"10452953","2021-03-05 14:54:42.187+00","2021-03-05 16:53:12.607+00", "exterior","outing","openhabianpi03-60962692-0d0d-41a3-a62b-1eddccd2a088"
"10452954","2021-03-05 17:10:02.222+00","2021-03-05 17:37:53.915+00", "","meal","openhabianpi03-60962692-0d0d-41a3-a62b-1eddccd2a088"
"10452955","2021-03-05 17:47:34.598+00","2021-03-05 19:28:06.673+00", "","meal","openhabianpi03-60962692-0d0d-41a3-a62b-1eddccd2a088"
"10452956","2021-03-05 19:28:09.624+00","2021-03-05 20:10:14.961+00", "exterior","outing","openhabianpi03-60962692-0d0d-41a3-a62b-1eddccd2a088"
"10452957","2021-03-05 20:35:02.762+00","2021-03-05 21:55:58.193+00", "","rest","openhabianpi03-60962692-0d0d-41a3-a62b-1eddccd2a088"
"10452958","2021-03-05 21:56:31.38+00","2021-03-05 22:21:34.565+00", "","meal","openhabianpi03-60962692-0d0d-41a3-a62b-1eddccd2a088"
"10452959","2021-03-05 22:31:56.168+00","2021-03-05 23:31:16.326+00", "","inactivity","openhabianpi03-60962692-0d0d-41a3-a62b-1eddccd2a088"
"10452960","2021-03-05 23:48:45.926+00","2021-03-06 00:58:56.613+00", "","inactivity","openhabianpi03-60962692-0d0d-41a3-a62b-1eddccd2a088"
"10452961","2021-03-06 00:59:26.268+00","2021-03-06 10:52:36.893+00", "","rest","openhabianpi03-60962692-0d0d-41a3-a62b-1eddccd2a088"
"10452962","2021-03-06 10:52:36.893+00","2021-03-06 10:54:37.401+00", "","hygiene_short","openhabianpi03-60962692-0d0d-41a3-a62b-1eddccd2a088"
"10452963","2021-03-06 11:00:44.227+00","2021-03-06 11:42:46.901+00", "","meal","openhabianpi03-60962692-0d0d-41a3-a62b-1eddccd2a088"
"10452964","2021-03-06 11:49:33.662+00","2021-03-06 13:19:15.213+00", "","inactivity","openhabianpi03-60962692-0d0d-41a3-a62b-1eddccd2a088"
"10452965","2021-03-06 13:29:57.233+00","2021-03-06 13:42:50.84+00", "","meal","openhabianpi03-60962692-0d0d-41a3-a62b-1eddccd2a088"
"10452966","2021-03-06 13:55:23.241+00","2021-03-06 15:12:12.306+00", "","meal","openhabianpi03-60962692-0d0d-41a3-a62b-1eddccd2a088"
"10452967","2021-03-06 15:15:00.265+00","2021-03-06 15:40:40.313+00", "","inactivity","openhabianpi03-60962692-0d0d-41a3-a62b-1eddccd2a088"
"10452968","2021-03-06 15:40:54.132+00","2021-03-06 16:50:30.297+00", "","meal","openhabianpi03-60962692-0d0d-41a3-a62b-1eddccd2a088"
"10452969","2021-03-06 17:21:47.113+00","2021-03-06 17:51:57.484+00", "","inactivity","openhabianpi03-60962692-0d0d-41a3-a62b-1eddccd2a088"
"10452970","2021-03-06 17:51:57.484+00","2021-03-06 18:45:42.001+00", "exterior","outing","openhabianpi03-60962692-0d0d-41a3-a62b-1eddccd2a088"
"10452971","2021-03-06 17:51:57.484+00","2021-03-06 17:57:49.945+00", "exterior","outing","openhabianpi03-60962692-0d0d-41a3-a62b-1eddccd2a088"
"10452972","2021-03-06 18:50:03.173+00","2021-03-06 19:33:22.003+00", "","inactivity","openhabianpi03-60962692-0d0d-41a3-a62b-1eddccd2a088"
"10452973","2021-03-06 19:40:37.085+00","2021-03-06 20:47:37.545+00", "exterior","outing","openhabianpi03-60962692-0d0d-41a3-a62b-1eddccd2a088"
"10452974","2021-03-06 21:31:30.181+00","2021-03-06 22:20:37.738+00", "","meal","openhabianpi03-60962692-0d0d-41a3-a62b-1eddccd2a088"
"10452975","2021-03-06 22:41:13.399+00","2021-03-06 23:52:46.216+00", "","inactivity","openhabianpi03-60962692-0d0d-41a3-a62b-1eddccd2a088"
"10452976","2021-03-06 23:59:49.921+00","2021-03-07 00:40:53.094+00", "","inactivity","openhabianpi03-60962692-0d0d-41a3-a62b-1eddccd2a088"
"10452977","2021-03-07 01:02:50.349+00","2021-03-07 10:34:29.696+00", "","rest","openhabianpi03-60962692-0d0d-41a3-a62b-1eddccd2a088"
"10452978","2021-03-07 11:09:29.866+00","2021-03-07 14:19:58.585+00", "","meal","openhabianpi03-60962692-0d0d-41a3-a62b-1eddccd2a088"
"10452979","2021-03-07 14:30:28.44+00","2021-03-07 15:44:44.8+00", "","meal","openhabianpi03-60962692-0d0d-41a3-a62b-1eddccd2a088"
"10452980","2021-03-07 15:54:51.972+00","2021-03-07 17:06:47.614+00", "","meal","openhabianpi03-60962692-0d0d-41a3-a62b-1eddccd2a088"
"10452981","2021-03-07 17:16:51.126+00","2021-03-07 19:06:50.454+00", "","meal","openhabianpi03-60962692-0d0d-41a3-a62b-1eddccd2a088"
"10452982","2021-03-07 19:06:51.454+00","2021-03-07 20:05:46.608+00", "","inactivity","openhabianpi03-60962692-0d0d-41a3-a62b-1eddccd2a088"
"10452983","2021-03-07 20:05:55.903+00","2021-03-07 20:29:10.02+00", "exterior","outing","openhabianpi03-60962692-0d0d-41a3-a62b-1eddccd2a088"
"10452984","2021-03-07 20:29:10.02+00","2021-03-07 21:39:48.6+00", "exterior","outing","openhabianpi03-60962692-0d0d-41a3-a62b-1eddccd2a088"
"10452985","2021-03-07 22:02:41.122+00","2021-03-07 22:33:32.858+00", "","inactivity","openhabianpi03-60962692-0d0d-41a3-a62b-1eddccd2a088"
"10452986","2021-03-07 22:33:56.692+00","2021-03-07 22:48:18.971+00", "","meal","openhabianpi03-60962692-0d0d-41a3-a62b-1eddccd2a088"
"10452987","2021-03-07 23:04:19.919+00","2021-03-07 23:34:26.918+00", "","inactivity","openhabianpi03-60962692-0d0d-41a3-a62b-1eddccd2a088"
"10452988","2021-03-07 23:40:43.743+00","2021-03-08 00:58:55.842+00", "","inactivity","openhabianpi03-60962692-0d0d-41a3-a62b-1eddccd2a088"
"10452989","2021-03-08 01:00:00.297+00","2021-03-08 11:08:42.098+00", "","rest","openhabianpi03-60962692-0d0d-41a3-a62b-1eddccd2a088"
"10452990","2021-03-08 11:10:27.512+00","2021-03-08 11:41:19.182+00", "","meal","openhabianpi03-60962692-0d0d-41a3-a62b-1eddccd2a088"
"10452991","2021-03-08 11:41:20.182+00","2021-03-08 14:41:46.745+00", "","inactivity","openhabianpi03-60962692-0d0d-41a3-a62b-1eddccd2a088"
"10452992","2021-03-08 15:01:15.607+00","2021-03-08 15:13:59.685+00", "exterior","outing","openhabianpi03-60962692-0d0d-41a3-a62b-1eddccd2a088"
"10452993","2021-03-08 15:17:21.283+00","2021-03-08 15:43:00.46+00", "","inactivity","openhabianpi03-60962692-0d0d-41a3-a62b-1eddccd2a088"
"10452994","2021-03-08 15:43:02.774+00","2021-03-08 16:20:32.918+00", "","inactivity","openhabianpi03-60962692-0d0d-41a3-a62b-1eddccd2a088"
"10452995","2021-03-08 16:40:37.223+00","2021-03-08 17:09:07.005+00", "","inactivity","openhabianpi03-60962692-0d0d-41a3-a62b-1eddccd2a088"
"10452996","2021-03-08 17:10:56.731+00","2021-03-08 18:23:02.828+00", "","meal","openhabianpi03-60962692-0d0d-41a3-a62b-1eddccd2a088"
"10452997","2021-03-08 18:23:25.041+00","2021-03-08 18:38:23.897+00", "exterior","outing","openhabianpi03-60962692-0d0d-41a3-a62b-1eddccd2a088"
"10452998","2021-03-08 18:51:06.231+00","2021-03-08 19:24:24.239+00", "","inactivity","openhabianpi03-60962692-0d0d-41a3-a62b-1eddccd2a088"
"10452999","2021-03-08 19:24:25.239+00","2021-03-08 20:58:14.741+00", "","inactivity","openhabianpi03-60962692-0d0d-41a3-a62b-1eddccd2a088"
"10453000","2021-03-08 21:09:33.987+00","2021-03-08 21:28:28.137+00", "exterior","outing","openhabianpi03-60962692-0d0d-41a3-a62b-1eddccd2a088"
"10453001","2021-03-08 21:29:46.519+00","2021-03-08 22:29:33.512+00", "","meal","openhabianpi03-60962692-0d0d-41a3-a62b-1eddccd2a088"
"10453002","2021-03-08 22:26:15.297+00","2021-03-09 00:03:23.354+00", "exterior","outing","openhabianpi03-60962692-0d0d-41a3-a62b-1eddccd2a088"
"10453003","2021-03-09 01:11:37.028+00","2021-03-09 01:14:35.951+00", "","hygiene_short","openhabianpi03-60962692-0d0d-41a3-a62b-1eddccd2a088"
"10453004","2021-03-09 01:14:35.951+00","2021-03-09 11:12:53.234+00", "","rest","openhabianpi03-60962692-0d0d-41a3-a62b-1eddccd2a088"
"10453005","2021-03-09 11:13:26.075+00","2021-03-09 11:39:57.575+00", "","meal","openhabianpi03-60962692-0d0d-41a3-a62b-1eddccd2a088"
"10453006","2021-03-09 11:48:10.188+00","2021-03-09 12:23:48.029+00", "","meal","openhabianpi03-60962692-0d0d-41a3-a62b-1eddccd2a088"
"10453007","2021-03-09 12:23:49.029+00","2021-03-09 14:41:29.988+00", "","inactivity","openhabianpi03-60962692-0d0d-41a3-a62b-1eddccd2a088"
"10453008","2021-03-09 15:12:09.039+00","2021-03-09 16:57:41.636+00", "","inactivity","openhabianpi03-60962692-0d0d-41a3-a62b-1eddccd2a088"
"10453009","2021-03-09 16:58:15.187+00","2021-03-09 18:29:07.35+00", "","meal","openhabianpi03-60962692-0d0d-41a3-a62b-1eddccd2a088"
"10453010","2021-03-09 18:30:05.201+00","2021-03-09 18:35:06.711+00", "exterior","outing","openhabianpi03-60962692-0d0d-41a3-a62b-1eddccd2a088"
"10453011","2021-03-09 18:35:06.711+00","2021-03-09 19:01:34.277+00", "","inactivity","openhabianpi03-60962692-0d0d-41a3-a62b-1eddccd2a088"
"10453012","2021-03-09 19:17:25.311+00","2021-03-09 19:46:53.717+00", "exterior","outing","openhabianpi03-60962692-0d0d-41a3-a62b-1eddccd2a088"
"10453013","2021-03-09 21:59:13.47+00","2021-03-10 00:32:58.596+00", "","meal","openhabianpi03-60962692-0d0d-41a3-a62b-1eddccd2a088"
"10453014","2021-03-10 00:35:56.532+00","2021-03-10 02:01:55.373+00", "","inactivity","openhabianpi03-60962692-0d0d-41a3-a62b-1eddccd2a088"
"10453015","2021-03-10 02:05:34.17+00","2021-03-10 11:51:50.721+00", "","rest","openhabianpi03-60962692-0d0d-41a3-a62b-1eddccd2a088"
"10453016","2021-03-10 11:51:50.721+00","2021-03-10 11:57:16.575+00", "","hygiene_short","openhabianpi03-60962692-0d0d-41a3-a62b-1eddccd2a088"
"10453017","2021-03-10 12:11:03.079+00","2021-03-10 12:43:11.641+00", "","meal","openhabianpi03-60962692-0d0d-41a3-a62b-1eddccd2a088"
"10453018","2021-03-10 12:48:17.611+00","2021-03-10 13:40:47.256+00", "","meal","openhabianpi03-60962692-0d0d-41a3-a62b-1eddccd2a088"
"10453019","2021-03-10 13:47:28.099+00","2021-03-10 16:05:55.962+00", "","inactivity","openhabianpi03-60962692-0d0d-41a3-a62b-1eddccd2a088"
"10453020","2021-03-10 16:07:58.54+00","2021-03-10 16:14:17.338+00", "","meal","openhabianpi03-60962692-0d0d-41a3-a62b-1eddccd2a088"
"10453021","2021-03-10 16:14:18.338+00","2021-03-10 16:45:06.353+00", "","inactivity","openhabianpi03-60962692-0d0d-41a3-a62b-1eddccd2a088"
"10453022","2021-03-10 16:46:06.913+00","2021-03-10 17:04:18.511+00", "","meal","openhabianpi03-60962692-0d0d-41a3-a62b-1eddccd2a088"
"10453023","2021-03-10 17:16:56.168+00","2021-03-10 18:26:20.631+00", "","inactivity","openhabianpi03-60962692-0d0d-41a3-a62b-1eddccd2a088"
"10453024","2021-03-10 18:43:40.023+00","2021-03-10 19:01:47.01+00", "exterior","outing","openhabianpi03-60962692-0d0d-41a3-a62b-1eddccd2a088"
"10453025","2021-03-10 20:44:14.016+00","2021-03-10 20:59:56.009+00", "","meal","openhabianpi03-60962692-0d0d-41a3-a62b-1eddccd2a088"
"10453026","2021-03-10 21:24:05.61+00","2021-03-10 21:49:36.626+00", "exterior","outing","openhabianpi03-60962692-0d0d-41a3-a62b-1eddccd2a088"
"10453027","2021-03-10 22:13:24.11+00","2021-03-10 22:36:54.71+00", "","meal","openhabianpi03-60962692-0d0d-41a3-a62b-1eddccd2a088"
"10453028","2021-03-10 23:20:17.001+00","2021-03-11 00:31:39.576+00", "","inactivity","openhabianpi03-60962692-0d0d-41a3-a62b-1eddccd2a088"
"10453029","2021-03-11 00:31:39.576+00","2021-03-11 00:39:00.764+00", "","hygiene_long","openhabianpi03-60962692-0d0d-41a3-a62b-1eddccd2a088"
"10453030","2021-03-11 00:39:06.798+00","2021-03-11 11:14:07.446+00", "","rest","openhabianpi03-60962692-0d0d-41a3-a62b-1eddccd2a088"
"10453031","2021-03-11 11:19:29.059+00","2021-03-11 11:53:11.821+00", "","meal","openhabianpi03-60962692-0d0d-41a3-a62b-1eddccd2a088"
"10453032","2021-03-11 12:16:35.926+00","2021-03-11 13:05:09.722+00", "","inactivity","openhabianpi03-60962692-0d0d-41a3-a62b-1eddccd2a088"
"10453033","2021-03-11 13:12:50.458+00","2021-03-11 14:47:28.094+00", "","inactivity","openhabianpi03-60962692-0d0d-41a3-a62b-1eddccd2a088"
"10453034","2021-03-11 14:51:15.699+00","2021-03-11 15:27:16.851+00", "exterior","outing","openhabianpi03-60962692-0d0d-41a3-a62b-1eddccd2a088"
"10453035","2021-03-11 15:27:16.851+00","2021-03-11 17:46:23.446+00", "exterior","outing","openhabianpi03-60962692-0d0d-41a3-a62b-1eddccd2a088"
"10453036","2021-03-11 17:37:47.814+00","2021-03-11 19:17:25.905+00", "exterior","outing","openhabianpi03-60962692-0d0d-41a3-a62b-1eddccd2a088"
"10453037","2021-03-11 19:53:13.239+00","2021-03-11 20:44:22.317+00", "","inactivity","openhabianpi03-60962692-0d0d-41a3-a62b-1eddccd2a088"
"10453038","2021-03-11 21:03:15.849+00","2021-03-11 21:13:28.408+00", "","hygiene_long","openhabianpi03-60962692-0d0d-41a3-a62b-1eddccd2a088"
"10453039","2021-03-11 21:58:09.286+00","2021-03-12 00:38:10.788+00", "","meal","openhabianpi03-60962692-0d0d-41a3-a62b-1eddccd2a088"
"10453040","2021-03-12 00:38:14.843+00","2021-03-12 10:52:42.372+00", "","rest","openhabianpi03-60962692-0d0d-41a3-a62b-1eddccd2a088"
"10453041","2021-03-12 11:05:34.112+00","2021-03-12 11:40:17.823+00", "","inactivity","openhabianpi03-60962692-0d0d-41a3-a62b-1eddccd2a088"
"10453042","2021-03-12 11:41:13.551+00","2021-03-12 13:55:11.084+00", "","meal","openhabianpi03-60962692-0d0d-41a3-a62b-1eddccd2a088"
"10453043","2021-03-12 13:56:53.983+00","2021-03-12 14:12:16.178+00", "","hygiene_long","openhabianpi03-60962692-0d0d-41a3-a62b-1eddccd2a088"
"10453044","2021-03-12 14:15:58.947+00","2021-03-12 15:51:40.743+00", "","inactivity","openhabianpi03-60962692-0d0d-41a3-a62b-1eddccd2a088"
"10453045","2021-03-12 15:56:15.47+00","2021-03-12 18:41:26.53+00", "","meal","openhabianpi03-60962692-0d0d-41a3-a62b-1eddccd2a088"
"10453046","2021-03-12 18:53:00.038+00","2021-03-12 19:59:22.387+00", "","inactivity","openhabianpi03-60962692-0d0d-41a3-a62b-1eddccd2a088"
"10453047","2021-03-12 20:39:38.25+00","2021-03-12 21:00:08.874+00", "","hygiene_long","openhabianpi03-60962692-0d0d-41a3-a62b-1eddccd2a088"
"10453048","2021-03-12 21:18:21.523+00","2021-03-12 22:05:27.745+00", "","inactivity","openhabianpi03-60962692-0d0d-41a3-a62b-1eddccd2a088"
"10453049","2021-03-12 22:05:45.219+00","2021-03-12 22:21:51.836+00", "","meal","openhabianpi03-60962692-0d0d-41a3-a62b-1eddccd2a088"
"10453050","2021-03-12 22:21:52.836+00","2021-03-13 00:08:06.907+00", "","inactivity","openhabianpi03-60962692-0d0d-41a3-a62b-1eddccd2a088"
"10453051","2021-03-13 00:25:32.264+00","2021-03-13 11:07:10.117+00", "","rest","openhabianpi03-60962692-0d0d-41a3-a62b-1eddccd2a088"
"10453052","2021-03-13 11:31:49.698+00","2021-03-13 11:58:28.64+00", "","meal","openhabianpi03-60962692-0d0d-41a3-a62b-1eddccd2a088"
"10453053","2021-03-13 12:05:00.536+00","2021-03-13 14:36:19.895+00", "","meal","openhabianpi03-60962692-0d0d-41a3-a62b-1eddccd2a088"
"10453054","2021-03-13 14:52:43.026+00","2021-03-13 15:10:37.572+00", "","meal","openhabianpi03-60962692-0d0d-41a3-a62b-1eddccd2a088"
"10453055","2021-03-13 15:14:29.202+00","2021-03-13 15:22:34.216+00", "","hygiene_long","openhabianpi03-60962692-0d0d-41a3-a62b-1eddccd2a088"
"10453056","2021-03-13 15:22:40.853+00","2021-03-13 17:00:35.787+00", "","inactivity","openhabianpi03-60962692-0d0d-41a3-a62b-1eddccd2a088"
"10453057","2021-03-13 17:00:35.787+00","2021-03-13 19:31:34.782+00", "","meal","openhabianpi03-60962692-0d0d-41a3-a62b-1eddccd2a088"
"10453058","2021-03-13 19:31:51.331+00","2021-03-13 20:02:45.059+00", "exterior","outing","openhabianpi03-60962692-0d0d-41a3-a62b-1eddccd2a088"
"10453059","2021-03-13 20:02:45.059+00","2021-03-13 21:11:18.498+00", "exterior","outing","openhabianpi03-60962692-0d0d-41a3-a62b-1eddccd2a088"
"10453060","2021-03-13 21:22:07.731+00","2021-03-13 21:47:13.286+00", "","inactivity","openhabianpi03-60962692-0d0d-41a3-a62b-1eddccd2a088"
"10453061","2021-03-13 21:47:28.631+00","2021-03-13 22:31:20.526+00", "","meal","openhabianpi03-60962692-0d0d-41a3-a62b-1eddccd2a088"
"10453062","2021-03-13 21:49:58.986+00","2021-03-13 21:52:03.535+00", "","hygiene_short","openhabianpi03-60962692-0d0d-41a3-a62b-1eddccd2a088"
"10453063","2021-03-13 22:51:41.967+00","2021-03-13 23:29:32.146+00", "","inactivity","openhabianpi03-60962692-0d0d-41a3-a62b-1eddccd2a088"
"10453064","2021-03-13 23:29:32.146+00","2021-03-14 00:24:31.587+00", "","meal","openhabianpi03-60962692-0d0d-41a3-a62b-1eddccd2a088"
"10453065","2021-03-14 00:49:43.761+00","2021-03-14 01:17:17.462+00", "","meal","openhabianpi03-60962692-0d0d-41a3-a62b-1eddccd2a088"
"10453066","2021-03-14 01:23:43.108+00","2021-03-14 01:27:11.169+00", "","hygiene_short","openhabianpi03-60962692-0d0d-41a3-a62b-1eddccd2a088"
"10453067","2021-03-14 01:27:11.169+00","2021-03-14 09:53:37.682+00", "","rest","openhabianpi03-60962692-0d0d-41a3-a62b-1eddccd2a088"
"10453068","2021-03-14 09:53:37.682+00","2021-03-14 10:00:57.258+00", "","hygiene_long","openhabianpi03-60962692-0d0d-41a3-a62b-1eddccd2a088"
"10453069","2021-03-14 10:14:41.629+00","2021-03-14 12:42:46.334+00", "","meal","openhabianpi03-60962692-0d0d-41a3-a62b-1eddccd2a088"
"10453070","2021-03-14 13:02:36.252+00","2021-03-14 13:10:01.784+00", "","meal","openhabianpi03-60962692-0d0d-41a3-a62b-1eddccd2a088"
"10453071","2021-03-14 13:14:51.42+00","2021-03-14 14:18:06.926+00", "","inactivity","openhabianpi03-60962692-0d0d-41a3-a62b-1eddccd2a088"
"10453072","2021-03-14 14:18:07.926+00","2021-03-14 14:43:32.08+00", "","inactivity","openhabianpi03-60962692-0d0d-41a3-a62b-1eddccd2a088"
"10453073","2021-03-14 14:43:32.08+00","2021-03-14 14:52:32.836+00", "exterior","outing","openhabianpi03-60962692-0d0d-41a3-a62b-1eddccd2a088"
"10453074","2021-03-14 14:52:32.836+00","2021-03-14 15:23:55.187+00", "","inactivity","openhabianpi03-60962692-0d0d-41a3-a62b-1eddccd2a088"
"10453075","2021-03-14 15:25:12.045+00","2021-03-14 16:11:39.045+00", "","meal","openhabianpi03-60962692-0d0d-41a3-a62b-1eddccd2a088"
"10453076","2021-03-14 16:22:36.282+00","2021-03-14 17:13:57.172+00", "","meal","openhabianpi03-60962692-0d0d-41a3-a62b-1eddccd2a088"
"10453077","2021-03-14 17:22:17.016+00","2021-03-14 18:47:29.594+00", "","inactivity","openhabianpi03-60962692-0d0d-41a3-a62b-1eddccd2a088"
"10453078","2021-03-14 18:47:29.594+00","2021-03-14 19:06:40.078+00", "exterior","outing","openhabianpi03-60962692-0d0d-41a3-a62b-1eddccd2a088"
"10453079","2021-03-14 19:06:40.078+00","2021-03-14 20:02:53.406+00", "exterior","outing","openhabianpi03-60962692-0d0d-41a3-a62b-1eddccd2a088"
"10453080","2021-03-14 20:25:43.389+00","2021-03-14 20:41:28.723+00", "","meal","openhabianpi03-60962692-0d0d-41a3-a62b-1eddccd2a088"
"10453081","2021-03-14 20:41:28.723+00","2021-03-14 21:09:44.743+00", "exterior","outing","openhabianpi03-60962692-0d0d-41a3-a62b-1eddccd2a088"
"10453082","2021-03-14 21:28:08.799+00","2021-03-14 21:48:16.868+00", "","meal","openhabianpi03-60962692-0d0d-41a3-a62b-1eddccd2a088"
"10453083","2021-03-14 21:48:17.868+00","2021-03-14 22:34:38.95+00", "","inactivity","openhabianpi03-60962692-0d0d-41a3-a62b-1eddccd2a088"
"10453084","2021-03-14 22:45:04.403+00","2021-03-15 00:04:31.688+00", "","inactivity","openhabianpi03-60962692-0d0d-41a3-a62b-1eddccd2a088"
"10453085","2021-03-15 00:05:44.457+00","2021-03-15 00:39:58.856+00", "","inactivity","openhabianpi03-60962692-0d0d-41a3-a62b-1eddccd2a088"
"10453086","2021-03-15 00:41:48.172+00","2021-03-15 00:43:54.162+00", "","hygiene_short","openhabianpi03-60962692-0d0d-41a3-a62b-1eddccd2a088"
"10453087","2021-03-15 00:47:04.689+00","2021-03-15 10:19:06.979+00", "","rest","openhabianpi03-60962692-0d0d-41a3-a62b-1eddccd2a088"
"10453088","2021-03-15 10:37:22.554+00","2021-03-15 14:10:13.547+00", "","meal","openhabianpi03-60962692-0d0d-41a3-a62b-1eddccd2a088"
"10453089","2021-03-15 14:37:22.102+00","2021-03-15 14:44:29.043+00", "","meal","openhabianpi03-60962692-0d0d-41a3-a62b-1eddccd2a088"
"10453090","2021-03-15 14:55:19.422+00","2021-03-15 16:10:38.624+00", "","meal","openhabianpi03-60962692-0d0d-41a3-a62b-1eddccd2a088"
"10453091","2021-03-15 16:20:35.086+00","2021-03-15 17:37:13.837+00", "","meal","openhabianpi03-60962692-0d0d-41a3-a62b-1eddccd2a088"
"10453092","2021-03-15 17:45:21.586+00","2021-03-15 18:55:47.572+00", "","inactivity","openhabianpi03-60962692-0d0d-41a3-a62b-1eddccd2a088"
"10453093","2021-03-15 18:55:47.572+00","2021-03-15 19:14:17.373+00", "exterior","outing","openhabianpi03-60962692-0d0d-41a3-a62b-1eddccd2a088"
"10453094","2021-03-15 19:14:17.373+00","2021-03-15 20:26:46.571+00", "exterior","outing","openhabianpi03-60962692-0d0d-41a3-a62b-1eddccd2a088"
"10453095","2021-03-15 20:17:13.71+00","2021-03-15 20:43:03.395+00", "exterior","outing","openhabianpi03-60962692-0d0d-41a3-a62b-1eddccd2a088"
"10453096","2021-03-15 20:20:12.215+00","2021-03-15 20:26:04.569+00", "","hygiene_short","openhabianpi03-60962692-0d0d-41a3-a62b-1eddccd2a088"
"10453097","2021-03-15 20:58:12.285+00","2021-03-15 21:21:30.268+00", "","meal","openhabianpi03-60962692-0d0d-41a3-a62b-1eddccd2a088"
"10453098","2021-03-15 21:35:02.286+00","2021-03-15 22:55:20.66+00", "","meal","openhabianpi03-60962692-0d0d-41a3-a62b-1eddccd2a088"
"10453099","2021-03-15 22:55:21.66+00","2021-03-15 23:34:49.271+00", "","inactivity","openhabianpi03-60962692-0d0d-41a3-a62b-1eddccd2a088"
"10453100","2021-03-15 23:43:16.937+00","2021-03-16 00:10:08.324+00", "","inactivity","openhabianpi03-60962692-0d0d-41a3-a62b-1eddccd2a088"
"10453101","2021-03-16 00:17:12.959+00","2021-03-16 11:06:34.05+00", "","rest","openhabianpi03-60962692-0d0d-41a3-a62b-1eddccd2a088"
"10453102","2021-03-16 11:14:16.165+00","2021-03-16 12:23:22.763+00", "","meal","openhabianpi03-60962692-0d0d-41a3-a62b-1eddccd2a088"
"10453103","2021-03-16 12:30:16.536+00","2021-03-16 14:59:15.605+00", "","inactivity","openhabianpi03-60962692-0d0d-41a3-a62b-1eddccd2a088"
"10453104","2021-03-16 15:01:01.809+00","2021-03-16 15:32:33.411+00", "","inactivity","openhabianpi03-60962692-0d0d-41a3-a62b-1eddccd2a088"
"10453105","2021-03-16 15:32:33.411+00","2021-03-16 16:32:44.235+00", "","meal","openhabianpi03-60962692-0d0d-41a3-a62b-1eddccd2a088"
"10453106","2021-03-16 16:32:46.454+00","2021-03-16 18:14:23.389+00", "exterior","outing","openhabianpi03-60962692-0d0d-41a3-a62b-1eddccd2a088"
"10453107","2021-03-16 18:14:23.389+00","2021-03-16 18:28:01.073+00", "exterior","outing","openhabianpi03-60962692-0d0d-41a3-a62b-1eddccd2a088"
"10453108","2021-03-16 18:29:05.579+00","2021-03-16 20:50:55.141+00", "","inactivity","openhabianpi03-60962692-0d0d-41a3-a62b-1eddccd2a088"
"10453109","2021-03-16 21:01:36.618+00","2021-03-16 23:30:44.075+00", "","meal","openhabianpi03-60962692-0d0d-41a3-a62b-1eddccd2a088"
"10453110","2021-03-16 23:55:59.67+00","2021-03-17 00:27:15.641+00", "","inactivity","openhabianpi03-60962692-0d0d-41a3-a62b-1eddccd2a088"
"10453111","2021-03-17 00:27:15.641+00","2021-03-17 09:21:02.749+00", "","rest","openhabianpi03-60962692-0d0d-41a3-a62b-1eddccd2a088"
"10453112","2021-03-17 09:21:35.025+00","2021-03-17 10:17:01.026+00", "","rest","openhabianpi03-60962692-0d0d-41a3-a62b-1eddccd2a088"
"10453113","2021-03-17 10:24:11.045+00","2021-03-17 12:06:45.865+00", "","meal","openhabianpi03-60962692-0d0d-41a3-a62b-1eddccd2a088"
"10453114","2021-03-17 13:10:36.32+00","2021-03-17 13:41:24.121+00", "","rest","openhabianpi03-60962692-0d0d-41a3-a62b-1eddccd2a088"
"10453115","2021-03-17 14:03:36.644+00","2021-03-17 14:29:34.212+00", "","meal","openhabianpi03-60962692-0d0d-41a3-a62b-1eddccd2a088"
"10453116","2021-03-17 14:37:58.52+00","2021-03-17 15:58:12+00", "","inactivity","openhabianpi03-60962692-0d0d-41a3-a62b-1eddccd2a088"
"10453117","2021-03-17 15:59:55.995+00","2021-03-17 16:07:54.781+00", "","meal","openhabianpi03-60962692-0d0d-41a3-a62b-1eddccd2a088"
"10453118","2021-03-17 16:39:06.88+00","2021-03-17 17:41:10.044+00", "","meal","openhabianpi03-60962692-0d0d-41a3-a62b-1eddccd2a088"
"10453119","2021-03-17 17:52:20.677+00","2021-03-17 19:55:30.694+00", "exterior","outing","openhabianpi03-60962692-0d0d-41a3-a62b-1eddccd2a088"
"10453120","2021-03-17 19:58:11.196+00","2021-03-17 21:21:07.566+00", "","meal","openhabianpi03-60962692-0d0d-41a3-a62b-1eddccd2a088"
"10453121","2021-03-17 21:27:45.349+00","2021-03-17 22:38:52.741+00", "","inactivity","openhabianpi03-60962692-0d0d-41a3-a62b-1eddccd2a088"
"10453122","2021-03-17 22:52:32.474+00","2021-03-17 23:51:53.837+00", "","meal","openhabianpi03-60962692-0d0d-41a3-a62b-1eddccd2a088"
"10453123","2021-03-17 23:52:28.901+00","2021-03-18 00:42:04.709+00", "","rest","openhabianpi03-60962692-0d0d-41a3-a62b-1eddccd2a088"
"10453124","2021-03-18 00:42:39.708+00","2021-03-18 06:42:21.795+00", "","inactivity","openhabianpi03-60962692-0d0d-41a3-a62b-1eddccd2a088"
"10453125","2021-03-18 06:42:21.795+00","2021-03-18 10:15:34.391+00", "","rest","openhabianpi03-60962692-0d0d-41a3-a62b-1eddccd2a088"
"10453126","2021-03-18 10:38:49.25+00","2021-03-18 11:24:14.73+00", "","meal","openhabianpi03-60962692-0d0d-41a3-a62b-1eddccd2a088"
"10453127","2021-03-18 11:16:03.104+00","2021-03-18 11:19:26.155+00", "","hygiene_short","openhabianpi03-60962692-0d0d-41a3-a62b-1eddccd2a088"
"10453128","2021-03-18 11:52:01.769+00","2021-03-18 12:31:09.173+00", "","inactivity","openhabianpi03-60962692-0d0d-41a3-a62b-1eddccd2a088"
"10453129","2021-03-18 12:49:41.954+00","2021-03-18 13:54:10.941+00", "exterior","outing","openhabianpi03-60962692-0d0d-41a3-a62b-1eddccd2a088"
"10453130","2021-03-18 12:52:35.242+00","2021-03-18 12:56:40.442+00", "","hygiene_short","openhabianpi03-60962692-0d0d-41a3-a62b-1eddccd2a088"
"10453131","2021-03-18 13:54:10.941+00","2021-03-18 14:32:46.013+00", "exterior","outing","openhabianpi03-60962692-0d0d-41a3-a62b-1eddccd2a088"
"10453132","2021-03-18 14:32:46.013+00","2021-03-18 18:19:51.819+00", "exterior","outing","openhabianpi03-60962692-0d0d-41a3-a62b-1eddccd2a088"
"10453133","2021-03-18 18:32:13.889+00","2021-03-18 18:57:59.435+00", "","inactivity","openhabianpi03-60962692-0d0d-41a3-a62b-1eddccd2a088"
"10453134","2021-03-18 18:58:44.222+00","2021-03-18 20:20:15.051+00", "","inactivity","openhabianpi03-60962692-0d0d-41a3-a62b-1eddccd2a088"
"10453135","2021-03-18 20:33:08.278+00","2021-03-18 20:45:16.003+00", "","meal","openhabianpi03-60962692-0d0d-41a3-a62b-1eddccd2a088"
"10453136","2021-03-18 20:57:31.211+00","2021-03-18 21:27:14.761+00", "","meal","openhabianpi03-60962692-0d0d-41a3-a62b-1eddccd2a088"
"10453137","2021-03-18 21:36:29.005+00","2021-03-19 00:02:10.433+00", "","meal","openhabianpi03-60962692-0d0d-41a3-a62b-1eddccd2a088"
"10453138","2021-03-19 00:02:14.168+00","2021-03-19 11:04:08.6+00", "","rest","openhabianpi03-60962692-0d0d-41a3-a62b-1eddccd2a088"
"10453139","2021-03-19 11:11:32.464+00","2021-03-19 11:39:30.469+00", "","meal","openhabianpi03-60962692-0d0d-41a3-a62b-1eddccd2a088"
"10453140","2021-03-19 12:09:54.559+00","2021-03-19 12:46:47.587+00", "","meal","openhabianpi03-60962692-0d0d-41a3-a62b-1eddccd2a088"
"10453141","2021-03-19 12:47:23.076+00","2021-03-19 14:05:07.432+00", "","inactivity","openhabianpi03-60962692-0d0d-41a3-a62b-1eddccd2a088"
"10453142","2021-03-19 14:17:36.947+00","2021-03-19 14:44:50.054+00", "","inactivity","openhabianpi03-60962692-0d0d-41a3-a62b-1eddccd2a088"
"10453143","2021-03-19 14:45:58.108+00","2021-03-19 15:54:53.708+00", "","meal","openhabianpi03-60962692-0d0d-41a3-a62b-1eddccd2a088"
"10453144","2021-03-19 16:16:07.249+00","2021-03-19 16:35:14.951+00", "","meal","openhabianpi03-60962692-0d0d-41a3-a62b-1eddccd2a088"
"10453145","2021-03-19 17:43:23.69+00","2021-03-19 18:17:42.844+00", "","inactivity","openhabianpi03-60962692-0d0d-41a3-a62b-1eddccd2a088"
"10453146","2021-03-19 18:26:39.726+00","2021-03-19 19:08:32.422+00", "","meal","openhabianpi03-60962692-0d0d-41a3-a62b-1eddccd2a088"
"10453147","2021-03-19 19:34:53.98+00","2021-03-19 19:45:38.597+00", "","meal","openhabianpi03-60962692-0d0d-41a3-a62b-1eddccd2a088"
"10453148","2021-03-19 19:45:46.021+00","2021-03-19 20:29:58.802+00", "","rest","openhabianpi03-60962692-0d0d-41a3-a62b-1eddccd2a088"
"10453149","2021-03-19 20:42:26.739+00","2021-03-19 21:12:07.297+00", "","inactivity","openhabianpi03-60962692-0d0d-41a3-a62b-1eddccd2a088"
"10453150","2021-03-19 21:33:59.06+00","2021-03-19 21:39:42.89+00", "","meal","openhabianpi03-60962692-0d0d-41a3-a62b-1eddccd2a088"
"10453151","2021-03-19 21:38:37.848+00","2021-03-19 23:10:49.138+00", "exterior","outing","openhabianpi03-60962692-0d0d-41a3-a62b-1eddccd2a088"
"10453152","2021-03-19 23:33:12.604+00","2021-03-20 00:20:18.22+00", "","inactivity","openhabianpi03-60962692-0d0d-41a3-a62b-1eddccd2a088"
"10453153","2021-03-20 00:20:18.22+00","2021-03-20 10:06:12.226+00", "","rest","openhabianpi03-60962692-0d0d-41a3-a62b-1eddccd2a088"
"10453154","2021-03-20 10:34:53.086+00","2021-03-20 12:09:58.569+00", "","meal","openhabianpi03-60962692-0d0d-41a3-a62b-1eddccd2a088"
"10453155","2021-03-20 12:20:10.386+00","2021-03-20 13:26:33.254+00", "","inactivity","openhabianpi03-60962692-0d0d-41a3-a62b-1eddccd2a088"
"10453156","2021-03-20 13:34:23.573+00","2021-03-20 14:38:13.87+00", "","inactivity","openhabianpi03-60962692-0d0d-41a3-a62b-1eddccd2a088"
"10453157","2021-03-20 14:38:13.87+00","2021-03-20 15:35:48.639+00", "","meal","openhabianpi03-60962692-0d0d-41a3-a62b-1eddccd2a088"
"10453158","2021-03-20 16:09:58.551+00","2021-03-20 16:27:26.889+00", "","meal","openhabianpi03-60962692-0d0d-41a3-a62b-1eddccd2a088"
"10453159","2021-03-20 16:42:39.815+00","2021-03-20 16:47:44.8+00", "","meal","openhabianpi03-60962692-0d0d-41a3-a62b-1eddccd2a088"
"10453160","2021-03-20 16:56:08.98+00","2021-03-20 17:59:27.65+00", "","inactivity","openhabianpi03-60962692-0d0d-41a3-a62b-1eddccd2a088"
"10453161","2021-03-20 18:30:25.174+00","2021-03-20 18:56:45.945+00", "exterior","outing","openhabianpi03-60962692-0d0d-41a3-a62b-1eddccd2a088"
"10453162","2021-03-20 18:56:45.945+00","2021-03-20 19:27:38.92+00", "exterior","outing","openhabianpi03-60962692-0d0d-41a3-a62b-1eddccd2a088"
"10453163","2021-03-20 19:19:33.118+00","2021-03-20 19:41:12.962+00", "exterior","outing","openhabianpi03-60962692-0d0d-41a3-a62b-1eddccd2a088"
"10453164","2021-03-20 20:03:35.565+00","2021-03-20 21:01:57.652+00", "","meal","openhabianpi03-60962692-0d0d-41a3-a62b-1eddccd2a088"
"10453165","2021-03-20 21:16:45.354+00","2021-03-20 21:43:27.479+00", "","meal","openhabianpi03-60962692-0d0d-41a3-a62b-1eddccd2a088"
"10453166","2021-03-20 21:56:25.78+00","2021-03-20 22:02:03.02+00", "","meal","openhabianpi03-60962692-0d0d-41a3-a62b-1eddccd2a088"
"10453167","2021-03-20 22:05:15.534+00","2021-03-20 22:43:43.327+00", "","inactivity","openhabianpi03-60962692-0d0d-41a3-a62b-1eddccd2a088"
"10453168","2021-03-20 22:45:32.553+00","2021-03-20 23:03:20.155+00", "exterior","outing","openhabianpi03-60962692-0d0d-41a3-a62b-1eddccd2a088"
"10453169","2021-03-20 23:03:20.155+00","2021-03-20 23:58:56.641+00", "","inactivity","openhabianpi03-60962692-0d0d-41a3-a62b-1eddccd2a088"
"10453170","2021-03-20 23:59:35.207+00","2021-03-21 11:21:12.581+00", "","rest","openhabianpi03-60962692-0d0d-41a3-a62b-1eddccd2a088"
"10453171","2021-03-21 11:22:19.486+00","2021-03-21 13:08:48.915+00", "","meal","openhabianpi03-60962692-0d0d-41a3-a62b-1eddccd2a088"
"10453172","2021-03-21 13:39:06.349+00","2021-03-21 14:01:41.037+00", "exterior","outing","openhabianpi03-60962692-0d0d-41a3-a62b-1eddccd2a088"
"10453173","2021-03-21 14:07:36.938+00","2021-03-21 14:59:33.817+00", "","inactivity","openhabianpi03-60962692-0d0d-41a3-a62b-1eddccd2a088"
"10453174","2021-03-21 15:00:53.718+00","2021-03-21 15:39:57.789+00", "","inactivity","openhabianpi03-60962692-0d0d-41a3-a62b-1eddccd2a088"
"10453175","2021-03-21 16:14:29.007+00","2021-03-21 16:35:41.748+00", "","meal","openhabianpi03-60962692-0d0d-41a3-a62b-1eddccd2a088"
"10453176","2021-03-21 16:35:48.862+00","2021-03-21 16:43:30.878+00", "exterior","outing","openhabianpi03-60962692-0d0d-41a3-a62b-1eddccd2a088"
"10453177","2021-03-21 16:45:02.705+00","2021-03-21 17:14:43.439+00", "","inactivity","openhabianpi03-60962692-0d0d-41a3-a62b-1eddccd2a088"
"10453178","2021-03-21 17:33:28.651+00","2021-03-21 19:29:26.806+00", "exterior","outing","openhabianpi03-60962692-0d0d-41a3-a62b-1eddccd2a088"
"10453179","2021-03-21 19:51:41.161+00","2021-03-21 20:36:19.402+00", "","inactivity","openhabianpi03-60962692-0d0d-41a3-a62b-1eddccd2a088"
"10457168","2021-03-21 20:49:23.473+00","2021-03-21 21:14:40.277+00", "","inactivity","openhabianpi03-60962692-0d0d-41a3-a62b-1eddccd2a088"
"10457169","2021-03-21 21:28:38.547+00","2021-03-21 21:55:21.646+00", "","meal","openhabianpi03-60962692-0d0d-41a3-a62b-1eddccd2a088"
"10457170","2021-03-21 22:09:30.781+00","2021-03-21 23:06:35.525+00", "","inactivity","openhabianpi03-60962692-0d0d-41a3-a62b-1eddccd2a088"
"10457171","2021-03-21 23:06:42.984+00","2021-03-22 00:16:28.371+00", "","inactivity","openhabianpi03-60962692-0d0d-41a3-a62b-1eddccd2a088"
"10457172","2021-03-22 00:16:28.371+00","2021-03-22 10:55:33.14+00", "","rest","openhabianpi03-60962692-0d0d-41a3-a62b-1eddccd2a088"
"10457173","2021-03-22 11:07:32.924+00","2021-03-22 14:01:15.544+00", "","meal","openhabianpi03-60962692-0d0d-41a3-a62b-1eddccd2a088"
"10457174","2021-03-22 15:00:56.47+00","2021-03-22 15:49:45.297+00", "","meal","openhabianpi03-60962692-0d0d-41a3-a62b-1eddccd2a088"
"10457175","2021-03-22 15:54:32.096+00","2021-03-22 16:49:29.006+00", "","inactivity","openhabianpi03-60962692-0d0d-41a3-a62b-1eddccd2a088"
"10457176","2021-03-22 17:01:31.144+00","2021-03-22 18:52:28.023+00", "exterior","outing","openhabianpi03-60962692-0d0d-41a3-a62b-1eddccd2a088"
"10457177","2021-03-22 19:00:13.877+00","2021-03-22 19:25:22.246+00", "","meal","openhabianpi03-60962692-0d0d-41a3-a62b-1eddccd2a088"
"10457178","2021-03-22 19:34:41.759+00","2021-03-22 20:13:54.782+00", "","rest","openhabianpi03-60962692-0d0d-41a3-a62b-1eddccd2a088"
"10457179","2021-03-22 20:35:06.391+00","2021-03-22 21:00:06.772+00", "","inactivity","openhabianpi03-60962692-0d0d-41a3-a62b-1eddccd2a088"
"10457180","2021-03-22 21:03:40.919+00","2021-03-22 23:41:59.324+00", "","meal","openhabianpi03-60962692-0d0d-41a3-a62b-1eddccd2a088"
"10457181","2021-03-22 23:46:14.281+00","2021-03-22 23:48:18.588+00", "","hygiene_short","openhabianpi03-60962692-0d0d-41a3-a62b-1eddccd2a088"
"10457182","2021-03-22 23:48:18.588+00","2021-03-23 10:34:40.146+00", "","rest","openhabianpi03-60962692-0d0d-41a3-a62b-1eddccd2a088"
"10457183","2022-04-07 23:48:18.588+00","2021-07-04 10:34:40.146+00", "","rest","openhabianpi03-60962692-0d0d-41a3-a62b-1eddccd2a088"
